<databaseChangeLog xmlns="http://www.liquibase.org/xml/ns/dbchangelog"
                   xmlns:xsi="http://www.w3.org/2001/XMLSchema-instance"
                   xsi:schemaLocation="http://www.liquibase.org/xml/ns/dbchangelog
                   http://www.liquibase.org/xml/ns/dbchangelog/dbchangelog-3.8.xsd">

    <!-- Таблица Editor -->
    <changeSet id="1" author="yourname">
        <createTable tableName="tbl_editor">
            <column name="id" type="bigint" autoIncrement="true">
                <constraints primaryKey="true"/>
            </column>
            <column name="login" type="varchar(64)">
                <constraints nullable="false" unique="true"/>
            </column>
            <column name="password" type="varchar(128)">
                <constraints nullable="false"/>
            </column>
            <column name="firstname" type="varchar(64)">
                <constraints nullable="false"/>
            </column>
            <column name="lastname" type="varchar(64)">
                <constraints nullable="false"/>
            </column>
        </createTable>
    </changeSet>

    <!-- Таблица News -->
    <changeSet id="2" author="yourname">
        <createTable tableName="tbl_news">
            <column name="id" type="bigint" autoIncrement="true">
                <constraints primaryKey="true"/>
            </column>
            <column name="editor_id" type="bigint">
                <constraints nullable="false" foreignKeyName="fk_news_editor" references="tbl_editor(id)"/>
            </column>
            <column name="title" type="varchar(64)">
                <constraints nullable="false" unique="true"/>
            </column>
            <column name="content" type="varchar(2048)">
                <constraints nullable="false"/>
            </column>
            <column name="created_at" type="timestamp">
                <constraints nullable="false"/>
            </column>
            <column name="updated_at" type="timestamp">
                <constraints nullable="false"/>
            </column>
        </createTable>
    </changeSet>

    <!-- Таблица Message -->
    <changeSet id="3" author="yourname">
        <createTable tableName="tbl_message">
            <column name="id" type="bigint" autoIncrement="true">
                <constraints primaryKey="true"/>
            </column>
            <column name="news_id" type="bigint">
                <constraints nullable="false" foreignKeyName="fk_message_news" references="tbl_news(id)"/>
            </column>
            <column name="content" type="varchar(2048)">
                <constraints nullable="false"/>
            </column>
        </createTable>
    </changeSet>

    <!-- Таблица Tag -->
    <changeSet id="4" author="yourname">
        <createTable tableName="tbl_tag">
            <column name="id" type="bigint" autoIncrement="true">
                <constraints primaryKey="true"/>
            </column>
            <column name="name" type="varchar(32)">
                <constraints nullable="false"/>
            </column>
        </createTable>
    </changeSet>

    <!-- Таблица NewsTag (связующая) -->
    <changeSet id="5" author="yourname">
        <createTable tableName="tbl_news_tag">
            <column name="news_id" type="bigint">
                <constraints nullable="false" foreignKeyName="fk_newstag_news" references="tbl_news(id)"/>
            </column>
            <column name="tag_id" type="bigint">
                <constraints nullable="false" foreignKeyName="fk_newstag_tag" references="tbl_tag(id)"/>
            </column>
        </createTable>
    </changeSet>

    <!-- Хранимая процедура и триггер для удаления неиспользуемых тегов -->
    <changeSet id="6" author="yourname">
        <createProcedure>
            CREATE OR REPLACE FUNCTION delete_unused_tags()
            RETURNS TRIGGER AS $$
            BEGIN
            DELETE FROM tbl_tag t
            WHERE NOT EXISTS (
            SELECT 1 FROM tbl_news_tag nt WHERE nt.tag_id = t.id
            );
            RETURN NULL;
            END;
            $$ LANGUAGE plpgsql;
        </createProcedure>

        <sql>
            CREATE TRIGGER trigger_delete_unused_tags
            AFTER DELETE ON tbl_news_tag
            FOR EACH STATEMENT
            EXECUTE FUNCTION delete_unused_tags();
        </sql>
    </changeSet>
    
    <!-- Тестовые данные -->
    <changeSet id="7" author="yourname" runAlways="true">
        <preConditions onFail="MARK_RAN">
            <dbms type="postgresql"/>
        </preConditions>
        
        <!-- Вставка тестового редактора с ID 117 -->
        <insert tableName="tbl_editor">
            <column name="id" valueNumeric="117"/>
            <column name="login" value="testLogin"/>
            <column name="password" value="testPassword"/>
            <column name="firstname" value="testFirstname"/>
            <column name="lastname" value="testLastname"/>
        </insert>
        
        <!-- Вставка тестовой новости с ID 1 -->
        <insert tableName="tbl_news">
            <column name="id" valueNumeric="1"/>
            <column name="editor_id" valueNumeric="117"/>
            <column name="title" value="Test Title"/>
            <column name="content" value="Test Content"/>
            <column name="created_at" valueDate="CURRENT_TIMESTAMP"/>
            <column name="updated_at" valueDate="CURRENT_TIMESTAMP"/>
        </insert>
    </changeSet>

</databaseChangeLog>
